responseCode,count,fraction
404,5,0.0035561877667140826
200,1272,0.9046941678520626
302,6,0.004267425320056899
401,123,0.08748221906116643
